{
  "sets":{
    "1" : {
      "title": "Shops"
    },
    "2": {
      "title": "Parks"
    },
    "3": {
      "title": "Cafe's"
    }
  },
  "sensors": {
    "1": {
      "title": "Air Quality",
      "type": "number",
      "extra": {
        "default": 90,
        "definition": "Min. Quality",
        "unit": "%"
      }
    },
    "2" : {
      "title": "Temperature",
      "type": "number",
      "extra": {
        "default": 20,
        "definition": "Min. Temp.",
        "unit": "°C"
      }
    },
    "3": {
      "title": "Traffic Volume",
      "type": "choice",
      "extra":{
        "default": 1,
        "choice" : ["high", "medium", "low"]
      }
    }
  }
}
