[
  {
    "name": "Bell On The Green",
    "lnglat": "51.4429893,-0.446536"
  },
  {
    "name": "Orchard",
    "lnglat": "51.4429893,-0.446536"
  },
  {
    "name": "Bedfont Cafe",
    "lnglat": "51.4429893,-0.446536"
  },
  {
    "name": "Indian Palace Restaurant",
    "lnglat": "51.4429893,-0.446536"
  },
  {
    "name": "Just Burgers Plus",
    "lnglat": "51.4429893,-0.446536"
  },
  {
    "name": "Noels Cafe",
    "lnglat": "51.4347637,-0.4112375"
  },
  {
    "name": "Cafe de China",
    "lnglat": "51.4397931,-0.4141557"
  }
]
